source_id,scheme_id,scheme_name,source_type,title,url,publisher,allowed_for_citation,fetched_at,notes,citation_url
S1,S1,HDFC Large Cap Fund - Direct Growth,scheme_page,HDFC Large Cap Fund Direct Growth,https://groww.in/mutual-funds/hdfc-large-cap-fund-direct-growth,HDFC AMC (via Groww),true,2026-09-27,"Phase 0 spike: HTTP 200, 17678 chars extracted. Distributor-hosted page, not AMC-hosted; see docs/corpus_matrix.md §1.",
S2,S2,HDFC Equity Fund (Flexi Cap) - Direct Growth,scheme_page,HDFC Equity Fund Direct Growth,https://groww.in/mutual-funds/hdfc-equity-fund-direct-growth,HDFC AMC (via Groww),true,2026-09-27,"Phase 0 spike: HTTP 200, 19536 chars extracted. Distributor-hosted page, not AMC-hosted; see docs/corpus_matrix.md §1.",
S3,S3,HDFC ELSS Tax Saver Fund - Direct Plan Growth,scheme_page,HDFC ELSS Tax Saver Fund Direct Plan Growth,https://groww.in/mutual-funds/hdfc-elss-tax-saver-fund-direct-plan-growth,HDFC AMC (via Groww),true,2026-09-27,"URL CORRECTED: the brief's -direct-growth slug returns HTTP 404; the live slug is -direct-plan-growth. Phase 0 spike: HTTP 200, 18913 chars.",
S4,S4,HDFC Small Cap Fund - Direct Growth,scheme_page,HDFC Small Cap Fund Direct Growth,https://groww.in/mutual-funds/hdfc-small-cap-fund-direct-growth,HDFC AMC (via Groww),true,2026-09-27,"Phase 0 spike: HTTP 200, 19841 chars extracted. Distributor-hosted page, not AMC-hosted; see docs/corpus_matrix.md §1.",
S5,S5,HDFC Balanced Advantage Fund - Direct Growth,scheme_page,HDFC Balanced Advantage Fund Direct Growth,https://groww.in/mutual-funds/hdfc-balanced-advantage-fund-direct-growth,HDFC AMC (via Groww),true,2026-09-27,"Phase 0 spike: HTTP 200, 43485 chars extracted. Distributor-hosted page, not AMC-hosted; see docs/corpus_matrix.md §1.",
E1,,,education,AMFI - Association of Mutual Funds in India,https://www.amfiindia.com/,AMFI,false,2026-09-27,"Advice-refusal link only (PRD §12). Never ingested, chunked, or cited as a fact source. Verified HTTP 200.",
E2,,,education,Groww Help Centre,https://groww.in/help,Groww,false,2026-09-27,"Official support channel for the PII refusal (PRD §12). Never ingested, chunked, or cited as a fact source. Verified HTTP 200.",
EDU01,,,education,What is NAV in Mutual Funds,file://data/raw/EDU01.md,AI summary of AMFI Investor Education,true,2026-01-15,AI-written summary of https://www.amfiindia.com/investor-corner/nav. Not a verbatim extract; verify on the cited page.,https://www.amfiindia.com/investor-corner/nav
EDU02,,,education,What is AUM in Mutual Funds,file://data/raw/EDU02.md,AI summary of AMFI Investor Education,true,2026-01-15,AI-written summary of https://www.amfiindia.com/investor-corner/aum. Not a verbatim extract; verify on the cited page.,https://www.amfiindia.com/investor-corner/aum
EDU03,,,education,What is Expense Ratio (TER) in Mutual Funds,file://data/raw/EDU03.md,AI summary of SEBI Mutual Fund Regulations,true,2026-01-15,AI-written summary of https://www.sebi.gov.in/legal/circulars/mar-2023/total-expense-ratio-ter-of-mutual-fund-schemes_68419.html. Not a verbatim extract; verify on the cited page.,https://www.sebi.gov.in/legal/circulars/mar-2023/total-expense-ratio-ter-of-mutual-fund-schemes_68419.html
EDU04,,,education,What is Exit Load in Mutual Funds,file://data/raw/EDU04.md,AI summary of AMFI Investor Education,true,2026-01-15,AI-written summary of https://www.amfiindia.com/investor-corner/exit-load. Not a verbatim extract; verify on the cited page.,https://www.amfiindia.com/investor-corner/exit-load
EDU05,,,education,SIP vs Lump Sum Investing,file://data/raw/EDU05.md,AI summary of AMFI Investor Education,true,2026-01-15,AI-written summary of https://www.amfiindia.com/investor-corner/sip-vs-lumpsum. Not a verbatim extract; verify on the cited page.,https://www.amfiindia.com/investor-corner/sip-vs-lumpsum
EDU06,,,education,What are STP and SWP in Mutual Funds,file://data/raw/EDU06.md,AI summary of AMFI Investor Education,true,2026-01-15,AI-written summary of https://www.amfiindia.com/investor-corner/stp-swp. Not a verbatim extract; verify on the cited page.,https://www.amfiindia.com/investor-corner/stp-swp
EDU07,,,education,ELSS and Lock-in Period,file://data/raw/EDU07.md,AI summary of SEBI Mutual Fund Regulations / AMFI,true,2026-01-15,AI-written summary of https://www.amfiindia.com/investor-corner/elss. Not a verbatim extract; verify on the cited page.,https://www.amfiindia.com/investor-corner/elss
EDU08,,,education,Direct Plan vs Regular Plan,file://data/raw/EDU08.md,AI summary of SEBI Circular on Direct Plans,true,2026-01-15,AI-written summary of https://www.sebi.gov.in/legal/circulars/jan-2013/direct-plan-in-mutual-fund-schemes_28453.html. Not a verbatim extract; verify on the cited page.,https://www.sebi.gov.in/legal/circulars/jan-2013/direct-plan-in-mutual-fund-schemes_28453.html
EDU09,,,education,Growth Option vs IDCW Option,file://data/raw/EDU09.md,AI summary of AMFI Investor Education,true,2026-01-15,AI-written summary of https://www.amfiindia.com/investor-corner/growth-vs-idcw. Not a verbatim extract; verify on the cited page.,https://www.amfiindia.com/investor-corner/growth-vs-idcw
EDU10,,,education,Riskometer in Mutual Funds,file://data/raw/EDU10.md,AI summary of SEBI Riskometer Guidelines,true,2026-01-15,AI-written summary of https://www.sebi.gov.in/legal/circulars/sep-2020/riskometer-for-mutual-fund-schemes_47289.html. Not a verbatim extract; verify on the cited page.,https://www.sebi.gov.in/legal/circulars/sep-2020/riskometer-for-mutual-fund-schemes_47289.html
EDU11,,,education,Benchmark in Mutual Funds,file://data/raw/EDU11.md,AI summary of SEBI Mutual Fund Regulations,true,2026-01-15,AI-written summary of https://www.sebi.gov.in/legal/circulars/may-2012/benchmarking-of-mutual-fund-schemes_24202.html. Not a verbatim extract; verify on the cited page.,https://www.sebi.gov.in/legal/circulars/may-2012/benchmarking-of-mutual-fund-schemes_24202.html
EDU12,,,education,CAGR vs XIRR,file://data/raw/EDU12.md,AI summary of AMFI Investor Education,true,2026-01-15,AI-written summary of https://www.amfiindia.com/investor-corner/cagr-xirr. Not a verbatim extract; verify on the cited page.,https://www.amfiindia.com/investor-corner/cagr-xirr
EDU13,,,education,SEBI Mutual Fund Categories,file://data/raw/EDU13.md,AI summary of SEBI Categorization Circular,true,2026-01-15,AI-written summary of https://www.sebi.gov.in/legal/circulars/oct-2017/categorization-and-rationalization-of-mutual-fund-schemes_36266.html. Not a verbatim extract; verify on the cited page.,https://www.sebi.gov.in/legal/circulars/oct-2017/categorization-and-rationalization-of-mutual-fund-schemes_36266.html
EDU14,,,education,KYC and Nominee in Mutual Funds,file://data/raw/EDU14.md,AI summary of SEBI KYC Registration Agency Guidelines,true,2026-01-15,AI-written summary of https://www.sebi.gov.in/legal/circulars/jan-2022/kyc-registration-agency_52834.html. Not a verbatim extract; verify on the cited page.,https://www.sebi.gov.in/legal/circulars/jan-2022/kyc-registration-agency_52834.html
EDU15,,,education,"Cut-off Time, NFO, and Redemption Timelines",file://data/raw/EDU15.md,AI summary of SEBI Mutual Fund Regulations / AMFI,true,2026-01-15,AI-written summary of https://www.amfiindia.com/investor-corner/cut-off-time. Not a verbatim extract; verify on the cited page.,https://www.amfiindia.com/investor-corner/cut-off-time
EDU16,,,education,SID and KIM - Key Scheme Documents,file://data/raw/EDU16.md,AI summary of SEBI Mutual Fund Regulations,true,2026-01-15,AI-written summary of https://www.sebi.gov.in/legal/circulars/may-2018/scheme-information-document_39121.html. Not a verbatim extract; verify on the cited page.,https://www.sebi.gov.in/legal/circulars/may-2018/scheme-information-document_39121.html
EDU17,,,education,"Portfolio Turnover, Tracking Error, Alpha, Beta, Sharpe",file://data/raw/EDU17.md,AI summary of AMFI Investor Education / SEBI,true,2026-01-15,AI-written summary of https://www.amfiindia.com/investor-corner/portfolio-metrics. Not a verbatim extract; verify on the cited page.,https://www.amfiindia.com/investor-corner/portfolio-metrics
EDU18,,,education,How to Download Capital Gains Statement,file://data/raw/EDU18.md,AI summary of AMFI / CAMS / KFintech Investor Services,true,2026-01-15,AI-written summary of https://www.camsonline.com/investor-services/capital-gains-statement. Not a verbatim extract; verify on the cited page.,https://www.camsonline.com/investor-services/capital-gains-statement
EDU19,,,education,Mutual Fund Taxation Principles,file://data/raw/EDU19.md,"AI summary of Income Tax Act, 1961 / SEBI / AMFI",true,2026-01-15,AI-written summary of https://www.incometax.gov.in/iec/foportal/. Not a verbatim extract; verify on the cited page.,https://www.incometax.gov.in/iec/foportal/
